{"i":1000,"val_loss_history":[1.6599671840668],"val_loss_history_it":[1000],"forward_backward_times":{},"opt":{"max_epochs":50,"checkpoint_every":1000,"batch_size":50,"memory_benchmark":0,"init_from":"","grad_clip":5,"model_type":"lstm","lr_decay_every":5,"print_every":1,"wordvec_size":64,"seq_length":50,"input_json":"data\/birdnames\/EveryBirdSpecies.json","num_layers":2,"input_h5":"data\/birdnames\/EveryBirdSpecies.h5","reset_iterations":1,"rnn_size":128,"dropout":0,"checkpoint_name":"data\/birdnames\/cv","batchnorm":0,"learning_rate":0.002,"speed_benchmark":0,"gpu_backend":"cuda","lr_decay_factor":0.5,"gpu":-1},"train_loss_history":[4.1377849578857,4.0626196861267,3.9479081630707,3.7776894569397,3.6354422569275,3.527291059494,3.4513604640961,3.4212331771851,3.3944823741913,3.383371591568,3.3795890808105,3.36181640625,3.3391008377075,3.3769311904907,3.360160112381,3.3603961467743,3.3743827342987,3.3641891479492,3.3889844417572,3.380318403244,3.3625469207764,3.3632922172546,3.3653342723846,3.3347089290619,3.3391785621643,3.3296217918396,3.3208122253418,3.306663274765,3.2970781326294,3.3067371845245,3.2738225460052,3.2603199481964,3.2381060123444,3.2573435306549,3.2145764827728,3.2057402133942,3.1886801719666,3.1493818759918,3.1577954292297,3.157820224762,3.1442031860352,3.0887413024902,3.0782761573792,3.0170514583588,3.0024869441986,2.9801378250122,2.97878241539,2.9466459751129,2.9209010601044,2.9090282917023,2.870391368866,2.8448991775513,2.8371703624725,2.8013849258423,2.8086910247803,2.8226892948151,2.7570109367371,2.7672266960144,2.7422113418579,2.7541649341583,2.7149500846863,2.7131679058075,2.6687276363373,2.6748361587524,2.6451816558838,2.6091227531433,2.6892547607422,2.7107803821564,2.6664571762085,2.6432979106903,2.5841555595398,2.5881218910217,2.5588374137878,2.5907962322235,2.5566432476044,2.5462155342102,2.530873298645,2.5379202365875,2.5363068580627,2.4934370517731,2.5419511795044,2.5033092498779,2.4938299655914,2.5051798820496,2.5030932426453,2.5181939601898,2.5000033378601,2.4701881408691,2.4697270393372,2.4651403427124,2.5007274150848,2.4710903167725,2.4572191238403,2.4587235450745,2.4459223747253,2.4189338684082,2.4508073329926,2.400486946106,2.415699005127,2.4004938602448,2.4528138637543,2.376651763916,2.4031710624695,2.3976850509644,2.3782482147217,2.4184617996216,2.4414038658142,2.4254174232483,2.3906080722809,2.337751865387,2.3179526329041,2.3075406551361,2.3090269565582,2.3181612491608,2.3175921440125,2.2966146469116,2.3332958221436,2.2906184196472,2.2596120834351,2.2425756454468,2.2111291885376,2.2436232566833,2.2731513977051,2.197457075119,2.2409217357635,2.19837641716,2.2254619598389,2.1914207935333,2.2048900127411,2.173999786377,2.1748998165131,2.1260480880737,2.0821290016174,2.2309303283691,2.303658246994,2.2310359477997,2.1780138015747,2.1322658061981,2.1225073337555,2.1181874275208,2.1949317455292,2.1349809169769,2.1061398983002,2.1050839424133,2.1075670719147,2.1123790740967,2.0767331123352,2.1464161872864,2.0877408981323,2.0616540908813,2.1031522750854,2.1306231021881,2.1484458446503,2.1367125511169,2.1009614467621,2.0974676609039,2.0928874015808,2.1305878162384,2.0971310138702,2.0957903862,2.0997550487518,2.0918211936951,2.0602748394012,2.104273557663,2.0445628166199,2.0789704322815,2.0463211536407,2.1085059642792,2.0139977931976,2.0819141864777,2.0455920696259,2.0367920398712,2.1023364067078,2.1570994853973,2.1067674160004,2.0766553878784,2.0040004253387,1.9982349872589,1.9480870962143,1.9633737802505,1.9611874818802,1.9657487869263,1.9618400335312,2.0097675323486,1.95785176754,1.9358124732971,1.9091414213181,1.8771018981934,1.9232634305954,1.9654338359833,1.8759541511536,1.9421119689941,1.8692003488541,1.8999437093735,1.8801814317703,1.9007782936096,1.8902199268341,1.8901771306992,1.8097664117813,1.7651195526123,1.9454351663589,2.0653555393219,1.9759857654572,1.9025132656097,1.8364040851593,1.845507979393,1.8494820594788,1.9304382801056,1.8662651777267,1.837177157402,1.8363490104675,1.8340456485748,1.8460139036179,1.8079090118408,1.878670334816,1.8235303163528,1.7984955310822,1.843300819397,1.8863620758057,1.9076861143112,1.8915773630142,1.8534148931503,1.8495166301727,1.8644818067551,1.8926072120667,1.845282793045,1.8611255884171,1.8773297071457,1.858692407608,1.840748667717,1.8682103157043,1.8066400289536,1.8452671766281,1.8192909955978,1.8925946950912,1.7771281003952,1.8646105527878,1.8207453489304,1.8205802440643,1.9020745754242,1.9715337753296,1.8934236764908,1.8761105537415,1.7805072069168,1.7837066650391,1.7176835536957,1.7375724315643,1.7461683750153,1.745966553688,1.7428896427155,1.7890584468842,1.7427204847336,1.7196840047836,1.6904147863388,1.6561704874039,1.7089623212814,1.7606862783432,1.6643069982529,1.7488726377487,1.6586372852325,1.6705992221832,1.6813402175903,1.7122215032578,1.7018195390701,1.7046339511871,1.6113882064819,1.5689105987549,1.754319190979,1.8847885131836,1.7964482307434,1.7022800445557,1.6358715295792,1.6651344299316,1.6714209318161,1.7508456707001,1.6893435716629,1.6540046930313,1.6579039096832,1.6396570205688,1.6664420366287,1.6337958574295,1.6974945068359,1.6456825733185,1.6346770524979,1.676464676857,1.7193607091904,1.7442829608917,1.7263618707657,1.6895509958267,1.6973041296005,1.7186931371689,1.7245664596558,1.6724290847778,1.7008146047592,1.7232019901276,1.6997437477112,1.6853467226028,1.7167228460312,1.6467218399048,1.6933994293213,1.6611481904984,1.746670126915,1.6316500902176,1.7162040472031,1.6674845218658,1.6761207580566,1.7565357685089,1.8391878604889,1.7496523857117,1.7385354042053,1.6400812864304,1.6337351799011,1.5709239244461,1.5900132656097,1.6030262708664,1.6131232976913,1.6015940904617,1.6533271074295,1.6159712076187,1.5907872915268,1.5633963346481,1.5316104888916,1.5758270025253,1.6334012746811,1.5576832294464,1.6381965875626,1.5442945957184,1.5567637681961,1.5785315036774,1.6142618656158,1.6059112548828,1.6175054311752,1.5186829566956,1.4806355237961,1.6509871482849,1.8098068237305,1.7132568359375,1.6154968738556,1.5494892597198,1.591585278511,1.6019594669342,1.6726861000061,1.6078613996506,1.5713195800781,1.5794831514359,1.5588049888611,1.5823279619217,1.5496324300766,1.6218047142029,1.5732227563858,1.5609641075134,1.5994906425476,1.6443501710892,1.6648857593536,1.6444193124771,1.6126533746719,1.6244071722031,1.6457806825638,1.6467918157578,1.5978630781174,1.6260917186737,1.6546174287796,1.6219109296799,1.6184989213943,1.6444789171219,1.5691190958023,1.6228684186935,1.5874197483063,1.6800986528397,1.5624554157257,1.6505184173584,1.5940076112747,1.6066513061523,1.6875796318054,1.7784589529037,1.6816929578781,1.6721982955933,1.5703792572021,1.5594009160995,1.4992527961731,1.5144531726837,1.5304461717606,1.5449891090393,1.5280621051788,1.5781037807465,1.5443108081818,1.5179460048676,1.4932765960693,1.4608747959137,1.5045384168625,1.5614222288132,1.4875851869583,1.5683391094208,1.4727382659912,1.4798467159271,1.509358048439,1.548974275589,1.5372524261475,1.5555576086044,1.4519568681717,1.412223815918,1.5767501592636,1.7548412084579,1.6584188938141,1.5518127679825,1.4833495616913,1.5318573713303,1.5443915128708,1.614182472229,1.5494437217712,1.5119754076004,1.5213656425476,1.4952727556229,1.5214190483093,1.4833669662476,1.5555033683777,1.5068295001984,1.4985105991364,1.5366743803024,1.5818988084793,1.6004596948624,1.5792537927628,1.5506513118744,1.5668127536774,1.5880455970764,1.5826224088669,1.5367621183395,1.5665236711502,1.594491481781,1.5553522109985,1.5621367692947,1.5848158597946,1.5054755210876,1.562845826149,1.5256419181824,1.6234192848206,1.5064314603806,1.5934092998505,1.5328686237335,1.5466285943985,1.6263850927353,1.7235856056213,1.6208169460297,1.6126255989075,1.5104583501816,1.4967628717422,1.4397829771042,1.4500266313553,1.469123005867,1.4865190982819,1.4669922590256,1.516836643219,1.4809730052948,1.4532241821289,1.4301216602325,1.400950551033,1.4405643939972,1.4994670152664,1.4275088310242,1.5085525512695,1.4122003316879,1.4157806634903,